PRAGMA foreign_keys=OFF;
BEGIN TRANSACTION;
CREATE TABLE IF NOT EXISTS "django_migrations" ("id" integer NOT NULL PRIMARY KEY AUTOINCREMENT, "app" varchar(255) NOT NULL, "name" varchar(255) NOT NULL, "applied" datetime NOT NULL);
INSERT INTO django_migrations VALUES(1,'contenttypes','0001_initial','2020-04-20 16:57:49.953587');
INSERT INTO django_migrations VALUES(2,'auth','0001_initial','2020-04-20 16:57:49.969285');
INSERT INTO django_migrations VALUES(3,'admin','0001_initial','2020-04-20 16:57:49.980926');
INSERT INTO django_migrations VALUES(4,'admin','0002_logentry_remove_auto_add','2020-04-20 16:57:49.992371');
INSERT INTO django_migrations VALUES(5,'admin','0003_logentry_add_action_flag_choices','2020-04-20 16:57:50.005310');
INSERT INTO django_migrations VALUES(6,'contenttypes','0002_remove_content_type_name','2020-04-20 16:57:50.028011');
INSERT INTO django_migrations VALUES(7,'auth','0002_alter_permission_name_max_length','2020-04-20 16:57:50.034774');
INSERT INTO django_migrations VALUES(8,'auth','0003_alter_user_email_max_length','2020-04-20 16:57:50.044382');
INSERT INTO django_migrations VALUES(9,'auth','0004_alter_user_username_opts','2020-04-20 16:57:50.055142');
INSERT INTO django_migrations VALUES(10,'auth','0005_alter_user_last_login_null','2020-04-20 16:57:50.064526');
INSERT INTO django_migrations VALUES(11,'auth','0006_require_contenttypes_0002','2020-04-20 16:57:50.066424');
INSERT INTO django_migrations VALUES(12,'auth','0007_alter_validators_add_error_messages','2020-04-20 16:57:50.077450');
INSERT INTO django_migrations VALUES(13,'auth','0008_alter_user_username_max_length','2020-04-20 16:57:50.087019');
INSERT INTO django_migrations VALUES(14,'auth','0009_alter_user_last_name_max_length','2020-04-20 16:57:50.099025');
INSERT INTO django_migrations VALUES(15,'auth','0010_alter_group_name_max_length','2020-04-20 16:57:50.108586');
INSERT INTO django_migrations VALUES(16,'auth','0011_update_proxy_permissions','2020-04-20 16:57:50.116367');
INSERT INTO django_migrations VALUES(17,'sessions','0001_initial','2020-04-20 16:57:50.120341');
INSERT INTO django_migrations VALUES(18,'ideas','0001_initial','2020-04-20 17:03:35.714703');
INSERT INTO django_migrations VALUES(19,'ideas','0002_auto_20200423_1039','2020-04-23 05:09:19.459937');
CREATE TABLE IF NOT EXISTS "auth_group_permissions" ("id" integer NOT NULL PRIMARY KEY AUTOINCREMENT, "group_id" integer NOT NULL REFERENCES "auth_group" ("id") DEFERRABLE INITIALLY DEFERRED, "permission_id" integer NOT NULL REFERENCES "auth_permission" ("id") DEFERRABLE INITIALLY DEFERRED);
CREATE TABLE IF NOT EXISTS "auth_user_groups" ("id" integer NOT NULL PRIMARY KEY AUTOINCREMENT, "user_id" integer NOT NULL REFERENCES "auth_user" ("id") DEFERRABLE INITIALLY DEFERRED, "group_id" integer NOT NULL REFERENCES "auth_group" ("id") DEFERRABLE INITIALLY DEFERRED);
CREATE TABLE IF NOT EXISTS "auth_user_user_permissions" ("id" integer NOT NULL PRIMARY KEY AUTOINCREMENT, "user_id" integer NOT NULL REFERENCES "auth_user" ("id") DEFERRABLE INITIALLY DEFERRED, "permission_id" integer NOT NULL REFERENCES "auth_permission" ("id") DEFERRABLE INITIALLY DEFERRED);
CREATE TABLE IF NOT EXISTS "django_admin_log" ("id" integer NOT NULL PRIMARY KEY AUTOINCREMENT, "action_time" datetime NOT NULL, "object_id" text NULL, "object_repr" varchar(200) NOT NULL, "change_message" text NOT NULL, "content_type_id" integer NULL REFERENCES "django_content_type" ("id") DEFERRABLE INITIALLY DEFERRED, "user_id" integer NOT NULL REFERENCES "auth_user" ("id") DEFERRABLE INITIALLY DEFERRED, "action_flag" smallint unsigned NOT NULL CHECK ("action_flag" >= 0));
CREATE TABLE IF NOT EXISTS "django_content_type" ("id" integer NOT NULL PRIMARY KEY AUTOINCREMENT, "app_label" varchar(100) NOT NULL, "model" varchar(100) NOT NULL);
INSERT INTO django_content_type VALUES(1,'admin','logentry');
INSERT INTO django_content_type VALUES(2,'auth','permission');
INSERT INTO django_content_type VALUES(3,'auth','group');
INSERT INTO django_content_type VALUES(4,'auth','user');
INSERT INTO django_content_type VALUES(5,'contenttypes','contenttype');
INSERT INTO django_content_type VALUES(6,'sessions','session');
INSERT INTO django_content_type VALUES(7,'ideas','idea');
INSERT INTO django_content_type VALUES(8,'ideas','tag');
CREATE TABLE IF NOT EXISTS "auth_permission" ("id" integer NOT NULL PRIMARY KEY AUTOINCREMENT, "content_type_id" integer NOT NULL REFERENCES "django_content_type" ("id") DEFERRABLE INITIALLY DEFERRED, "codename" varchar(100) NOT NULL, "name" varchar(255) NOT NULL);
INSERT INTO auth_permission VALUES(1,1,'add_logentry','Can add log entry');
INSERT INTO auth_permission VALUES(2,1,'change_logentry','Can change log entry');
INSERT INTO auth_permission VALUES(3,1,'delete_logentry','Can delete log entry');
INSERT INTO auth_permission VALUES(4,1,'view_logentry','Can view log entry');
INSERT INTO auth_permission VALUES(5,2,'add_permission','Can add permission');
INSERT INTO auth_permission VALUES(6,2,'change_permission','Can change permission');
INSERT INTO auth_permission VALUES(7,2,'delete_permission','Can delete permission');
INSERT INTO auth_permission VALUES(8,2,'view_permission','Can view permission');
INSERT INTO auth_permission VALUES(9,3,'add_group','Can add group');
INSERT INTO auth_permission VALUES(10,3,'change_group','Can change group');
INSERT INTO auth_permission VALUES(11,3,'delete_group','Can delete group');
INSERT INTO auth_permission VALUES(12,3,'view_group','Can view group');
INSERT INTO auth_permission VALUES(13,4,'add_user','Can add user');
INSERT INTO auth_permission VALUES(14,4,'change_user','Can change user');
INSERT INTO auth_permission VALUES(15,4,'delete_user','Can delete user');
INSERT INTO auth_permission VALUES(16,4,'view_user','Can view user');
INSERT INTO auth_permission VALUES(17,5,'add_contenttype','Can add content type');
INSERT INTO auth_permission VALUES(18,5,'change_contenttype','Can change content type');
INSERT INTO auth_permission VALUES(19,5,'delete_contenttype','Can delete content type');
INSERT INTO auth_permission VALUES(20,5,'view_contenttype','Can view content type');
INSERT INTO auth_permission VALUES(21,6,'add_session','Can add session');
INSERT INTO auth_permission VALUES(22,6,'change_session','Can change session');
INSERT INTO auth_permission VALUES(23,6,'delete_session','Can delete session');
INSERT INTO auth_permission VALUES(24,6,'view_session','Can view session');
INSERT INTO auth_permission VALUES(25,7,'add_idea','Can add idea');
INSERT INTO auth_permission VALUES(26,7,'change_idea','Can change idea');
INSERT INTO auth_permission VALUES(27,7,'delete_idea','Can delete idea');
INSERT INTO auth_permission VALUES(28,7,'view_idea','Can view idea');
INSERT INTO auth_permission VALUES(29,8,'add_tag','Can add tag');
INSERT INTO auth_permission VALUES(30,8,'change_tag','Can change tag');
INSERT INTO auth_permission VALUES(31,8,'delete_tag','Can delete tag');
INSERT INTO auth_permission VALUES(32,8,'view_tag','Can view tag');
CREATE TABLE IF NOT EXISTS "auth_user" ("id" integer NOT NULL PRIMARY KEY AUTOINCREMENT, "password" varchar(128) NOT NULL, "last_login" datetime NULL, "is_superuser" bool NOT NULL, "username" varchar(150) NOT NULL UNIQUE, "first_name" varchar(30) NOT NULL, "email" varchar(254) NOT NULL, "is_staff" bool NOT NULL, "is_active" bool NOT NULL, "date_joined" datetime NOT NULL, "last_name" varchar(150) NOT NULL);
INSERT INTO auth_user VALUES(1,'pbkdf2_sha256$150000$dq3RJFpyOPSk$mzdYXMKS2VahOhjvUC7kTo2guMtsSf8rWUcEk0b+Vnk=','2020-06-02 13:13:08.251733',0,'sleepykitty307','Gautham','gr8gautham@gmail.com',0,1,'2020-04-20 17:01:55.099843','MK');
INSERT INTO auth_user VALUES(2,'pbkdf2_sha256$150000$at10EqIT6E6X$iE9xyKh8sy3DLt1d4dac8ja1k26C26sN9VmFSxbiy14=','2020-04-23 07:05:16.090609',0,'boo','Anannya','aaniee302@gmail.com',0,1,'2020-04-21 07:25:35.854480','Patra');
INSERT INTO auth_user VALUES(3,'pbkdf2_sha256$150000$O9DsseMOQhFW$n8r4HYV4anj9FAJlgZc1tfGPKXas4ApKhertisIboAg=','2020-06-02 18:19:44.850851',0,'testie','test','test@test.com',0,1,'2020-06-02 13:27:35.988590','god');
CREATE TABLE IF NOT EXISTS "auth_group" ("id" integer NOT NULL PRIMARY KEY AUTOINCREMENT, "name" varchar(150) NOT NULL UNIQUE);
CREATE TABLE IF NOT EXISTS "django_session" ("session_key" varchar(40) NOT NULL PRIMARY KEY, "session_data" text NOT NULL, "expire_date" datetime NOT NULL);
INSERT INTO django_session VALUES('gmxe9wpslobwkldsb6lyq6ypmu5glelt','MDBkMGU2NTU4ZDVlNzJlZDAzMDc2ZGQ3ODg5ZWVmMzU5MjMxNzkyNTp7Il9hdXRoX3VzZXJfaWQiOiIxIiwiX2F1dGhfdXNlcl9iYWNrZW5kIjoiZGphbmdvLmNvbnRyaWIuYXV0aC5iYWNrZW5kcy5Nb2RlbEJhY2tlbmQiLCJfYXV0aF91c2VyX2hhc2giOiIwZGMwMDlkYzM0NGI0OTYyYjI1YWQ0YzA5MDRlYmNmMzE1MTUxYjAwIn0=','2020-05-05 06:45:42.940608');
INSERT INTO django_session VALUES('qagc4fc0m5t6a1esxeiv31g53kuli8xb','NzVlYzA3ZmEwNDY5OTA2NzQ2ZWJlZmU2NTk5YWFmZmQ4YTQ1NWY5Mzp7Il9hdXRoX3VzZXJfaWQiOiIyIiwiX2F1dGhfdXNlcl9iYWNrZW5kIjoiZGphbmdvLmNvbnRyaWIuYXV0aC5iYWNrZW5kcy5Nb2RlbEJhY2tlbmQiLCJfYXV0aF91c2VyX2hhc2giOiIwNzMwZGI5MDQxZDU2M2ZlYzQ4MTYxZDVlZWQ3Yzk1MmNiNmMyZDI5In0=','2020-05-05 11:00:30.275149');
INSERT INTO django_session VALUES('e27aa2n6al3uaptrz72ufk1w7v22h0ic','MDBkMGU2NTU4ZDVlNzJlZDAzMDc2ZGQ3ODg5ZWVmMzU5MjMxNzkyNTp7Il9hdXRoX3VzZXJfaWQiOiIxIiwiX2F1dGhfdXNlcl9iYWNrZW5kIjoiZGphbmdvLmNvbnRyaWIuYXV0aC5iYWNrZW5kcy5Nb2RlbEJhY2tlbmQiLCJfYXV0aF91c2VyX2hhc2giOiIwZGMwMDlkYzM0NGI0OTYyYjI1YWQ0YzA5MDRlYmNmMzE1MTUxYjAwIn0=','2020-05-05 12:39:42.180301');
INSERT INTO django_session VALUES('a88gwogg98pussh0g7fgk52z880mlof0','NzVlYzA3ZmEwNDY5OTA2NzQ2ZWJlZmU2NTk5YWFmZmQ4YTQ1NWY5Mzp7Il9hdXRoX3VzZXJfaWQiOiIyIiwiX2F1dGhfdXNlcl9iYWNrZW5kIjoiZGphbmdvLmNvbnRyaWIuYXV0aC5iYWNrZW5kcy5Nb2RlbEJhY2tlbmQiLCJfYXV0aF91c2VyX2hhc2giOiIwNzMwZGI5MDQxZDU2M2ZlYzQ4MTYxZDVlZWQ3Yzk1MmNiNmMyZDI5In0=','2020-05-06 17:06:23.581460');
INSERT INTO django_session VALUES('8r5k8dnbwdvukvz5bx8dw63yr0j6xrf3','NzVlYzA3ZmEwNDY5OTA2NzQ2ZWJlZmU2NTk5YWFmZmQ4YTQ1NWY5Mzp7Il9hdXRoX3VzZXJfaWQiOiIyIiwiX2F1dGhfdXNlcl9iYWNrZW5kIjoiZGphbmdvLmNvbnRyaWIuYXV0aC5iYWNrZW5kcy5Nb2RlbEJhY2tlbmQiLCJfYXV0aF91c2VyX2hhc2giOiIwNzMwZGI5MDQxZDU2M2ZlYzQ4MTYxZDVlZWQ3Yzk1MmNiNmMyZDI5In0=','2020-05-07 04:47:52.977444');
INSERT INTO django_session VALUES('6suztsqixf8lk04g0wlmdbns4xb6shba','NzVlYzA3ZmEwNDY5OTA2NzQ2ZWJlZmU2NTk5YWFmZmQ4YTQ1NWY5Mzp7Il9hdXRoX3VzZXJfaWQiOiIyIiwiX2F1dGhfdXNlcl9iYWNrZW5kIjoiZGphbmdvLmNvbnRyaWIuYXV0aC5iYWNrZW5kcy5Nb2RlbEJhY2tlbmQiLCJfYXV0aF91c2VyX2hhc2giOiIwNzMwZGI5MDQxZDU2M2ZlYzQ4MTYxZDVlZWQ3Yzk1MmNiNmMyZDI5In0=','2020-05-07 04:52:56.553556');
INSERT INTO django_session VALUES('v2sxky6t572alid1020vtxtyi5gyare7','NzVlYzA3ZmEwNDY5OTA2NzQ2ZWJlZmU2NTk5YWFmZmQ4YTQ1NWY5Mzp7Il9hdXRoX3VzZXJfaWQiOiIyIiwiX2F1dGhfdXNlcl9iYWNrZW5kIjoiZGphbmdvLmNvbnRyaWIuYXV0aC5iYWNrZW5kcy5Nb2RlbEJhY2tlbmQiLCJfYXV0aF91c2VyX2hhc2giOiIwNzMwZGI5MDQxZDU2M2ZlYzQ4MTYxZDVlZWQ3Yzk1MmNiNmMyZDI5In0=','2020-05-07 05:23:22.052212');
INSERT INTO django_session VALUES('xxgkvfewrqh6owartaahp9nwg0bpy34k','MzA1ZGUwYjk2MWUwZWFkODVmNDE0YmYyOTZhNzc2ZThhNmQ2YmFlMTp7Il9hdXRoX3VzZXJfaWQiOiIzIiwiX2F1dGhfdXNlcl9iYWNrZW5kIjoiZGphbmdvLmNvbnRyaWIuYXV0aC5iYWNrZW5kcy5Nb2RlbEJhY2tlbmQiLCJfYXV0aF91c2VyX2hhc2giOiJlYmYyNTg4NTFmODUzNWFiYjhkM2I0MTI1NDJlZjllNjNjZGU2NDg5In0=','2020-06-16 17:38:56.119007');
INSERT INTO django_session VALUES('bd6hwjp2i9aipa5rhnhm97m8nszs7prf','MzA1ZGUwYjk2MWUwZWFkODVmNDE0YmYyOTZhNzc2ZThhNmQ2YmFlMTp7Il9hdXRoX3VzZXJfaWQiOiIzIiwiX2F1dGhfdXNlcl9iYWNrZW5kIjoiZGphbmdvLmNvbnRyaWIuYXV0aC5iYWNrZW5kcy5Nb2RlbEJhY2tlbmQiLCJfYXV0aF91c2VyX2hhc2giOiJlYmYyNTg4NTFmODUzNWFiYjhkM2I0MTI1NDJlZjllNjNjZGU2NDg5In0=','2020-06-16 17:47:17.017678');
INSERT INTO django_session VALUES('zkipwwwrc2jwuq9z52m9mmc2r7skg4iz','MzA1ZGUwYjk2MWUwZWFkODVmNDE0YmYyOTZhNzc2ZThhNmQ2YmFlMTp7Il9hdXRoX3VzZXJfaWQiOiIzIiwiX2F1dGhfdXNlcl9iYWNrZW5kIjoiZGphbmdvLmNvbnRyaWIuYXV0aC5iYWNrZW5kcy5Nb2RlbEJhY2tlbmQiLCJfYXV0aF91c2VyX2hhc2giOiJlYmYyNTg4NTFmODUzNWFiYjhkM2I0MTI1NDJlZjllNjNjZGU2NDg5In0=','2020-06-16 18:19:44.853079');
CREATE TABLE IF NOT EXISTS "ideas_tag" ("id" integer NOT NULL PRIMARY KEY AUTOINCREMENT, "name" varchar(30) NOT NULL);
INSERT INTO ideas_tag VALUES(1,'Programming');
INSERT INTO ideas_tag VALUES(2,'Thriller');
INSERT INTO ideas_tag VALUES(3,'Horror');
INSERT INTO ideas_tag VALUES(4,'Web Development');
INSERT INTO ideas_tag VALUES(5,'Machine Learning');
INSERT INTO ideas_tag VALUES(6,'Physics');
INSERT INTO ideas_tag VALUES(7,'Chemistry');
INSERT INTO ideas_tag VALUES(8,'Music');
INSERT INTO ideas_tag VALUES(9,'TV Shows');
INSERT INTO ideas_tag VALUES(10,'Baking');
CREATE TABLE IF NOT EXISTS "ideas_idea_tags" ("id" integer NOT NULL PRIMARY KEY AUTOINCREMENT, "idea_id" integer NOT NULL REFERENCES "ideas_idea" ("id") DEFERRABLE INITIALLY DEFERRED, "tag_id" integer NOT NULL REFERENCES "ideas_tag" ("id") DEFERRABLE INITIALLY DEFERRED);
INSERT INTO ideas_idea_tags VALUES(2,1,1);
INSERT INTO ideas_idea_tags VALUES(7,3,1);
INSERT INTO ideas_idea_tags VALUES(21,2,1);
INSERT INTO ideas_idea_tags VALUES(24,12,4);
INSERT INTO ideas_idea_tags VALUES(36,14,3);
CREATE TABLE IF NOT EXISTS "ideas_idea" ("id" integer NOT NULL PRIMARY KEY AUTOINCREMENT, "title" varchar(30) NOT NULL, "author_id" integer NOT NULL REFERENCES "auth_user" ("id") DEFERRABLE INITIALLY DEFERRED, "description" varchar(500) NULL);
INSERT INTO ideas_idea VALUES(1,'Studying ML',2,'I am a nerd and I shall study as much ML as I can to become an ML veteran.');
INSERT INTO ideas_idea VALUES(2,'Ideation app',1,'Just like this one ; )');
INSERT INTO ideas_idea VALUES(3,'Studying VCS',2,'Guys please try studying VCS it is hands down the most amazing subject ever. You can even study it at 4am in the morning without sleeping and feel rejuvenated! #nerdgang');
INSERT INTO ideas_idea VALUES(12,'Test Idea #1',1,'blah blah');
INSERT INTO ideas_idea VALUES(14,'test idea #1',3,'blah');
DELETE FROM sqlite_sequence;
INSERT INTO sqlite_sequence VALUES('django_migrations',19);
INSERT INTO sqlite_sequence VALUES('django_admin_log',0);
INSERT INTO sqlite_sequence VALUES('django_content_type',8);
INSERT INTO sqlite_sequence VALUES('auth_permission',32);
INSERT INTO sqlite_sequence VALUES('auth_user',3);
INSERT INTO sqlite_sequence VALUES('auth_group',0);
INSERT INTO sqlite_sequence VALUES('ideas_tag',10);
INSERT INTO sqlite_sequence VALUES('ideas_idea_tags',36);
INSERT INTO sqlite_sequence VALUES('ideas_idea',14);
CREATE UNIQUE INDEX "auth_group_permissions_group_id_permission_id_0cd325b0_uniq" ON "auth_group_permissions" ("group_id", "permission_id");
CREATE INDEX "auth_group_permissions_group_id_b120cbf9" ON "auth_group_permissions" ("group_id");
CREATE INDEX "auth_group_permissions_permission_id_84c5c92e" ON "auth_group_permissions" ("permission_id");
CREATE UNIQUE INDEX "auth_user_groups_user_id_group_id_94350c0c_uniq" ON "auth_user_groups" ("user_id", "group_id");
CREATE INDEX "auth_user_groups_user_id_6a12ed8b" ON "auth_user_groups" ("user_id");
CREATE INDEX "auth_user_groups_group_id_97559544" ON "auth_user_groups" ("group_id");
CREATE UNIQUE INDEX "auth_user_user_permissions_user_id_permission_id_14a6b632_uniq" ON "auth_user_user_permissions" ("user_id", "permission_id");
CREATE INDEX "auth_user_user_permissions_user_id_a95ead1b" ON "auth_user_user_permissions" ("user_id");
CREATE INDEX "auth_user_user_permissions_permission_id_1fbb5f2c" ON "auth_user_user_permissions" ("permission_id");
CREATE INDEX "django_admin_log_content_type_id_c4bce8eb" ON "django_admin_log" ("content_type_id");
CREATE INDEX "django_admin_log_user_id_c564eba6" ON "django_admin_log" ("user_id");
CREATE UNIQUE INDEX "django_content_type_app_label_model_76bd3d3b_uniq" ON "django_content_type" ("app_label", "model");
CREATE UNIQUE INDEX "auth_permission_content_type_id_codename_01ab375a_uniq" ON "auth_permission" ("content_type_id", "codename");
CREATE INDEX "auth_permission_content_type_id_2f476e4b" ON "auth_permission" ("content_type_id");
CREATE INDEX "django_session_expire_date_a5c62663" ON "django_session" ("expire_date");
CREATE UNIQUE INDEX "ideas_idea_tags_idea_id_tag_id_c20e4463_uniq" ON "ideas_idea_tags" ("idea_id", "tag_id");
CREATE INDEX "ideas_idea_tags_idea_id_703f74cb" ON "ideas_idea_tags" ("idea_id");
CREATE INDEX "ideas_idea_tags_tag_id_d589b993" ON "ideas_idea_tags" ("tag_id");
CREATE INDEX "ideas_idea_author_id_387c3915" ON "ideas_idea" ("author_id");
COMMIT;
